{"cameraMode":{"drawMode":0,"name":"Shaded","section":"Shading Mode"},"sceneLighting":false,"audioPlay":false,"sceneViewState":{"showFog":true,"showMaterialUpdate":false,"showSkybox":false,"showFlares":true,"showImageEffects":true,"showParticleSystems":true},"in2DMode":false,"pivot":{"x":0.03228682652115822,"y":0.08045999705791474,"z":0.1497166007757187},"rotation":{"x":-0.00017774455773178488,"y":-0.9998112916946411,"z":-0.011117149144411087,"w":0.016050521284341813},"size":2.7644522190093996,"orthographic":true}