{"cameraMode":{"drawMode":0,"name":"Shaded","section":"Shading Mode"},"sceneLighting":false,"audioPlay":false,"sceneViewState":{"showFog":true,"showMaterialUpdate":false,"showSkybox":false,"showFlares":true,"showImageEffects":true,"showParticleSystems":true},"in2DMode":false,"pivot":{"x":0.0,"y":-0.5385599136352539,"z":0.5999999642372131},"rotation":{"x":-0.028966400772333146,"y":0.7337608933448792,"z":-0.03128714859485626,"w":-0.6781246662139893},"size":5.251911163330078,"orthographic":false}