{"cameraMode":{"drawMode":0,"name":"Shaded","section":"Shading Mode"},"sceneLighting":false,"audioPlay":false,"sceneViewState":{"showFog":true,"showMaterialUpdate":false,"showSkybox":false,"showFlares":true,"showImageEffects":true,"showParticleSystems":true},"in2DMode":false,"pivot":{"x":0.014606940560042858,"y":0.5206608772277832,"z":0.19946406781673432},"rotation":{"x":-0.010138389654457569,"y":-0.9534484148025513,"z":-0.03227458521723747,"w":0.2997090816497803},"size":2.9561498165130617,"orthographic":true}