{"cameraMode":{"drawMode":0,"name":"Shaded","section":"Shading Mode"},"sceneLighting":false,"audioPlay":false,"sceneViewState":{"showFog":true,"showMaterialUpdate":false,"showSkybox":false,"showFlares":true,"showImageEffects":true,"showParticleSystems":true},"in2DMode":false,"pivot":{"x":0.15310586988925935,"y":-0.08773499727249146,"z":0.4365716278553009},"rotation":{"x":-0.16213469207286836,"y":0.6488954424858093,"z":-0.14408215880393983,"w":-0.7293894290924072},"size":0.552372395992279,"orthographic":true}