{"cameraMode":{"drawMode":0,"name":"Shaded","section":"Shading Mode"},"sceneLighting":false,"audioPlay":false,"sceneViewState":{"showFog":true,"showMaterialUpdate":false,"showSkybox":false,"showFlares":true,"showImageEffects":true,"showParticleSystems":true},"in2DMode":false,"pivot":{"x":-0.0794014260172844,"y":0.36024075746536257,"z":0.09960835427045822},"rotation":{"x":-0.08721066266298294,"y":0.8363011479377747,"z":-0.1396464854478836,"w":-0.5230613946914673},"size":1.2421728372573853,"orthographic":false}