{"cameraMode":{"drawMode":0,"name":"Shaded","section":"Shading Mode"},"sceneLighting":false,"audioPlay":false,"sceneViewState":{"showFog":true,"showMaterialUpdate":false,"showSkybox":false,"showFlares":true,"showImageEffects":true,"showParticleSystems":true},"in2DMode":false,"pivot":{"x":-0.2616293728351593,"y":0.8646543025970459,"z":-1.5781240463256837},"rotation":{"x":0.0031316715758293869,"y":-0.9951345324516296,"z":0.03663334995508194,"w":0.0922011137008667},"size":3.5090603828430177,"orthographic":false}