{"cameraMode":{"drawMode":0,"name":"Shaded","section":"Shading Mode"},"sceneLighting":false,"audioPlay":false,"sceneViewState":{"showFog":true,"showMaterialUpdate":false,"showSkybox":false,"showFlares":true,"showImageEffects":true,"showParticleSystems":true},"in2DMode":false,"pivot":{"x":-0.03829539194703102,"y":0.2222154438495636,"z":-0.09568166732788086},"rotation":{"x":-0.04433324933052063,"y":0.9141848087310791,"z":-0.10438058525323868,"w":-0.3892364501953125},"size":1.9416587352752686,"orthographic":false}