{"cameraMode":{"drawMode":0,"name":"Shaded","section":"Shading Mode"},"sceneLighting":false,"audioPlay":false,"sceneViewState":{"showFog":true,"showMaterialUpdate":false,"showSkybox":false,"showFlares":true,"showImageEffects":true,"showParticleSystems":true},"in2DMode":false,"pivot":{"x":0.17080748081207276,"y":-0.08441336452960968,"z":0.31613340973854067},"rotation":{"x":0.023486550897359849,"y":0.7269468903541565,"z":-0.024902595207095147,"w":0.68588787317276},"size":0.28336700797080996,"orthographic":true}